titile,price_c,price_d
"Ноутбук Acer Aspire A3 Intel Core i3-1005G1 (1.20-3.40GHz), 8GB DDR4, 256GB SSD m.2 NVMe, Int VGA, 15.6""FHD LED, no DVDRW, WiFi, Bluetooth, LAN, DOS, голубой [NX.KAFEM.004](*id 12)https://www.link.kg/catalog/1/",*  29889.3 ⊆  *,331 $
"Lenovo V15 i3-10110U 2.1-4.1 GHz,8GB,SSD 240GB,15.6""HD,RUS,DOS HDMI, IRON GRAYhttps://www.link.kg/catalog/1/",*  28083.3 ⊆  *,311 $
"HP 250 G8 Black Intel Dual Core N4020 (up to 2.8Ghz), 8GB, 512GB SSD, Intel HD Graphics, 15.6"" LED HD, WiFi, BT, Cam, DOS, Eng-Rushttps://www.link.kg/catalog/1/",*  31153.5 ⊆  *,345 $
"Lenovo IdeaPad 3 15IAU7 (82RK00EKAK) Intel Core i5-1235U (10 ядер, 12 потоков, up to 4.4Ghz), 15.6"" LED FULL HD IPS (1920 x 1080) 300nits, 16GB DDR4-3200Mhz, 512GB SSD PCIe NVMe M.2, Intel Iris Xe Graphics, Wi-Fi 6, BT5.1, USB Type-C, HD 720P Cam, Enhttps://www.link.kg/catalog/1/",*  51741.9 ⊆  *,573 $
"Lenovo V15 i3-10110U 2.1-4.1 GHz,4GB,SSD 240GB,15.6""HD,RUS,DOS HDMI, IRON GRAYhttps://www.link.kg/catalog/1/",*  26999.7 ⊆  *,299 $
Second Caddy HDD вместо DVD для ноутбуков 9.5mm SATA https://www.link.kg/catalog/1/41200202,*  451.5 ⊆   *,5 $
Notebook Memory DDR4 SODIMM 16GB [CB16GS2666] Crucial 2666Mhz (PC4-21300) CL19 SR x8 Unbuffered(*id https://www.link.kg/catalog/1/41501700,*  3882.9 ⊆   *,43 $
"ПК в сборе ASUS PRIME A520M-K, AMD Athlon 3000G, ID-Cooling DK-01S AM4, DDR4 8GB PC-21300 CRUCIAL, SSD 256GB, 350W, WSC-3155(*id 12) https://www.link.kg/catalog/1/41492903",*  19414.5 ⊆   *,215 $
"Mini PC SHARE w, o 1700LGA, 2xSODIMM DDR4 2666Hz, 1xMPCIE (128-1TB M.2), WiFi, Bluetooth, VGA, HDMI, 4xUSB, LAN, Audio [FXH610](*id 12) https://www.link.kg/catalog/1/41492936",*  18240.6 ⊆   *,202 $
"Ноутбук Lenovo V14-82C2 Intel N4020 1.1-2.8GHz,4GB,1TB,14""HD,HDMI, IRON GRAY,NO DVDRW,Rus+Eng https://www.link.kg/catalog/1/41483617",*  20769 ⊆   *,230 $
"Lenovo V15 Celeron DC N4020 1.1-2.8GHz,4GB,SSD 120GB,15.6""HD,RUS,DOS HDMI, IRON GRAY https://www.link.kg/catalog/1/41503215",*  19595.1 ⊆   *,217 $
"Lenovo V15 Celeron DC N4020 1.1-2.8GHz,4GB,SSD 256GB,15.6""HD,RUS,DOS HDMI, IRON GRAY https://www.link.kg/catalog/1/41503217",*  20046.6 ⊆   *,222 $
"Ноутбук Lenovo V15, Celeron N4020(up to 2.8Ghz), 4GB, 256GB m.2 NVMe SSD, 15,6"" HD LED, Intel UHD Graphics 600, WiFi+BT, HD Web Camera, FreeDOS, Iron Grey, Eng-Rus, бесшумный [82C3001NUE](*id 12) https://www.link.kg/catalog/1/41493317",*  20136.9 ⊆   *,223 $
"Ноутбук Lenovo V15-82C3 Intel N4020 1.1-2.8GHz,4GB,1TB,15""HD,HDMI, IRON GRAY,NO DVDRW,Rus+Eng https://www.link.kg/catalog/1/41483616",*  21672 ⊆   *,240 $
"Lenovo V15 Celeron DC N4020 1.1-2.8GHz,4GB,SSD 480GB,15.6""HD,RUS,DOS HDMI, IRON GRAY https://www.link.kg/catalog/1/41503218",*  21220.5 ⊆   *,235 $
"Ноутбук Lenovo V15 IGL, Celeron N4020 (up to 2.8Ghz), 4GB, 500GB SSD m.2 NVMe, 15,6"" HD (1366х768), Intel UHD Graphics 600, без привода, WiFi+BT, HD Web Camera, FreeDOS, Eng-Rus, Iron Grey, бесшумный [82C3001NAK](*id 12) https://www.link.kg/catalog/1/41493320",*  21310.8 ⊆   *,236 $
"Lenovo IP3 Celeron DC N4020 1.1-2.8GHz,4GB,SSD 240GB,15.6""HD,RUS,DOS HDMI, BLACK https://www.link.kg/catalog/1/41503186",*  21581.7 ⊆   *,239 $
"Ноутбук Lenovo V14-82C2 Intel N4020 1.1-2.8GHz,4GB,SSD 480Gb,14""HD,HDMI, IRON GRAY,NO DVDRW,Rus+Eng https://www.link.kg/catalog/1/41483615",*  23026.5 ⊆   *,255 $
"Ноутбук Lenovo V15 IGL, Celeron N4020 (up to 2.8Ghz), 4GB, 1000GB SSD m.2 NVMe, 15,6"" HD (1366х768), Intel UHD Graphics 600, без привода, WiFi+BT, HD Web Camera, FreeDOS, Eng-Rus, Iron Grey, бесшумный [82C3001NAK](*id 12) https://www.link.kg/catalog/1/41493323",*  22394.4 ⊆   *,248 $
"Ноутбук Gateway GWTN156 Intel Pentium Quad Core N5030 (up to 3.1Ghz), 4GB DDR4, 128GB SSD+256GB SSD, Intel® UHD Graphics 605, 15.6"" LED FULL HD(1920x1080), WiFi,BT,Cam,Win10 S,серый,[GWTN156-11BK](*id 12) https://www.link.kg/catalog/1/41493314",*  22755.6 ⊆   *,252 $
"Ноутбук Lenovo V15 IGL, Celeron N4020 (up to 2.8Ghz), 4GB, 500GB SSD m.2 NVMe+1TB HDD, 15,6"" HD (1366х768), Intel UHD Graphics 600, без привода, WiFi+BT, HD Web Camera, FreeDOS, Eng-Rus, Iron Grey, бесшумный [82C3001NAK](*id 12) https://www.link.kg/catalog/1/41493319",*  22755.6 ⊆   *,252 $
"новая позиция1Ноутбук HP 250 G8 Intel Celeron N4020 (1.10-2.80GHz), 8GB DDR4, 240GB SSD, Intel UHD Graphics 600, 15.6""HD LED, WiFi, Bluetooth, LAN, DOS, бесшумный, серый(*id 12) https://www.link.kg/catalog/1/41493326",*  22845.9 ⊆   *,253 $
"Acer TravelMate TMB118-M Black Intel Quad Core N4120 (up to 2.6Ghz), 4GB, 64GB eMMC, Intel HD Graphics, 11.6"" LED, WiFi, BT, Cam, Eng-Rus https://www.link.kg/catalog/1/41375141",*  23929.5 ⊆   *,265 $
"Lenovo IP3 Celeron N4020 1.1-2.8GHz,4GB,SSD 240GB,15.6"" FHD,RUS,DOS HDMI, BLACK https://www.link.kg/catalog/1/41503190",*  23568.3 ⊆   *,261 $
"Notebook YEPO Silver Intel Quad Core J3455 (up to 2.3Ghz), 8GB, 256GB SSD, Intel HD Graphics, 15.6"" IPS FULL HD (1920x1080), WiFi, BT, HD WebCam, UltraSlim, Eng-Rus https://www.link.kg/catalog/1/41373540",*  24381 ⊆   *,270 $
"Ноутбук Lenovo Ideapad IP3 Intel Celeron N4020, 8GB, 500GB SSD m.2 NVMe, 15.6"" (1920X1080) FULL HD IPS, WiFi, Bluetooth, DOS, Platinum Grey [81WQ00Q7AK](*id 12) https://www.link.kg/catalog/1/41493324",*  24200.4 ⊆   *,268 $
"Lenovo Ideapad V14 Iron Gray Intel Dual Core N4020 (up to 2.8Ghz), 4GB, 128GB SSD, AMD Radeon™ Graphics, 14.0"" LED, WiFi, BT, Cam, DOS, Eng-Rus https://www.link.kg/catalog/1/41374254",*  25103.4 ⊆   *,278 $
"Notebook YEPO Silver Intel Quad Core J3455 (up to 2.3Ghz), 8GB, 512GB SSD, Intel HD Graphics, 15.6"" IPS FULL HD (1920x1080), WiFi, BT, HD WebCam, UltraSlim, Eng-Rus https://www.link.kg/catalog/1/41373463",*  25284 ⊆   *,280 $
"Ноутбук ASUS-X543M, Intel N4020, DDR4 4GB, 1TB, 15.6"", DVDRW, 1B-Star Grey, Win10, Rus+Eng https://www.link.kg/catalog/1/41483613",*  27090 ⊆   *,300 $
"Lenovo Ideapad V14 Iron Gray Intel Dual Core N4020 (up to 2.8Ghz), 4GB, 256GB M.2 NVMe PCIe, AMD Radeon™ Graphics, 14.0"" LED, WiFi, BT, Cam, DOS, Eng-Rus https://www.link.kg/catalog/1/41374252",*  25825.8 ⊆   *,286 $
"Lenovo Ideapad 3 Silver Intel Dual Core N4020 (up to 2.8Ghz), 4GB, 500GB, Intel HD Graphics, 15.6"" LED, WiFi, BT, Cam, DOS, Eng-Rus https://www.link.kg/catalog/1/41374242",*  26187 ⊆   *,290 $
"Lenovo IdeaPad 3 15IGL05 (81WQ00JBRK) Intel Pentium N5030 (Quard 4 ядра, 4 потока up to 3.1Ghz), 15.6"" LED FULL HD (1920 x 1080) IPS, 8GB, 1TB, Intel HD Graphics 605, Wi-Fi, BT5.0, Cam, DOS, Eng-Rus, PLATINUM GREY https://www.link.kg/catalog/1/41488272",*  27090 ⊆   *,300 $
"Ноутбук Gateway ULTRA SLIM i3-1115G4 (up to 4.1Ghz), 4GB, 128GB SSD M.2, HD Graphics 620, 15.6"" FULL HD LED, WiFi, BT, Cam, Win11, чехол и мышь в комплекте, ярко голубой [GWNC31514-BK](*id 12) https://www.link.kg/catalog/1/41493213",*  25735.5 ⊆   *,285 $
"Lenovo V14 Celeron DC N4020 1.1-2.8GHz,4GB,SSD 120GB,14""HD,RUS,DOS HDMI, IRON GRAY ( СЦ) https://www.link.kg/catalog/1/41503212",*  25916.1 ⊆   *,287 $
"Acer Aspire A315-34 Black Intel N4020 (up to 2.8Ghz), 4GB, 128GB M.2 NVMe PCIe, Intel HD Graphics, 15.6"" LED FULL HD (1920x1080), WiFi, LAN RJ45, BT, Cam, DOS, Eng-Rus https://www.link.kg/catalog/1/41375140",*  26638.5 ⊆   *,295 $
"Ноутбук Gateway ULTRA SLIM i3-1115G4 (up to 4.1Ghz), 4GB, 128GB SSD M.2, HD Graphics 620, 15.6"" FULL HD LED, WiFi, BT, Cam, Win11, чехол и мышь в комплекте, серый [GWNC31514-BK] +флеш памяти 128GB USB 3.0 Kingston(*id 12) https://www.link.kg/catalog/1/41493214",*  26096.7 ⊆   *,289 $
"HP 250 G8 Black Intel Dual Core N4020 (up to 2.8Ghz), 4GB, 128GB SSD, Intel HD Graphics, 15.6"" LED HD, WiFi, BT, Cam, DOS, Eng-Rus https://www.link.kg/catalog/1/41374375",*  26638.5 ⊆   *,295 $
"HP 250 G8 Black Intel Dual Core N4020 (up to 2.8Ghz), 4GB, 1TB, Intel HD Graphics, 15.6"" LED HD, WiFi, BT, Cam, DOS, Eng-Rus https://www.link.kg/catalog/1/41374373",*  26819.1 ⊆   *,297 $
"Lenovo Ideapad S145-15API Silver AMD 3020e (up to 2.6Ghz), 4GB, 500GB, AMD Radeon™ Graphics, 15.6"" LED, WiFi, BT, Cam, DOS, Eng-Rus https://www.link.kg/catalog/1/41374233",*  27090 ⊆   *,300 $
"Lenovo Ideapad S145-15API Silver AMD 3020e (up to 2.6Ghz), 4GB, 128GB SSD, AMD Radeon™ Graphics, 15.6"" LED, WiFi, BT, Cam, DOS, Eng-Rus https://www.link.kg/catalog/1/41374248",*  27090 ⊆   *,300 $
"Ноутбук Gateway ULTRA SLIM i3-1115G4 (up to 4.1Ghz), 4GB, 512GB SSD M.2 sata, HD Graphics 620, 15.6"" FULL HD LED, WiFi, BT, Cam, Win11, чехол и мышь в комплекте, серый [GWNC31514-BK](*id 12) https://www.link.kg/catalog/1/41493212",*  26548.2 ⊆   *,294 $
"Lenovo IP3 i3-10110U 2.1-4.1GHz, 4GB, 500GB, 15.6""FHD RUS, HDMI, ABYSS BLUE https://www.link.kg/catalog/1/41503192",*  26909.4 ⊆   *,298 $
"Ноутбук ASUS-X543M, Intel N4020, DDR4 4GB, SSD-120GB, 15.6"", DVDRW, 1B-Star Grey, Rus+Eng https://www.link.kg/catalog/1/41483611",*  28896 ⊆   *,320 $
"Lenovo V15 i3-10110U 2.1-4.1 GHz,4GB,1TB,15.6""HD,RUS,DOS HDMI, IRON GRAY https://www.link.kg/catalog/1/41503176",*  26999.7 ⊆   *,299 $
"Lenovo Ideapad S145-15API Silver AMD 3020e (up to 2.6Ghz), 4GB, 240GB SSD, AMD Radeon™ Graphics, 15.6"" LED, WiFi, BT, Cam, DOS, Eng-Rus https://www.link.kg/catalog/1/41374249",*  27541.5 ⊆   *,305 $
"Lenovo IP3 i3-10110U 2.1-4.1GHz, 4GB, SSD 120GB, 15.6""FHD RUS, HDMI, ABYSS BLUE https://www.link.kg/catalog/1/41503193",*  27090 ⊆   *,300 $
"Ноутбук ASUS-X543M, Intel N4020, DDR4 4GB, SSD-256GB, 15.6"", DVDRW, 1B-Star Grey, Rus+Eng https://www.link.kg/catalog/1/41483612",*  29347.5 ⊆   *,325 $
"Lenovo Ideapad S145-15API Silver AMD 3020e (up to 2.6Ghz), 8GB, 128GB SSD, AMD Radeon™ Graphics, 15.6"" LED, WiFi, BT, Cam, DOS, Eng-Rus https://www.link.kg/catalog/1/41374240",*  27993 ⊆   *,310 $
"Lenovo IP3 i3-10110U 2.1-4.1GHz, 4GB, SSD 240GB, 15.6""FHD RUS, HDMI, ABYSS BLUE https://www.link.kg/catalog/1/41503194",*  27541.5 ⊆   *,305 $
"HP 240 G8 Black Intel Pentium Quad Core N5030 (up to 3.1Ghz), 4GB, 128GB SSD, Intel HD Graphics, 14"" LED HD, WiFi, BT, Cam, DOS, Eng-Rus https://www.link.kg/catalog/1/41374339",*  28083.3 ⊆   *,311 $
"Lenovo V15 i3-10110U 2.1-4.1 GHz,8GB,SSD 120GB,15.6""HD,RUS,DOS HDMI, IRON GRAY https://www.link.kg/catalog/1/41503171",*  27631.8 ⊆   *,306 $
"HP 240 G8 Black Intel Pentium Quad Core N5030 (up to 3.1Ghz), 4GB, 1TB, Intel HD Graphics, 14"" LED HD, WiFi, BT, Cam, DOS, Eng-Rus https://www.link.kg/catalog/1/41374337",*  28263.9 ⊆   *,313 $
"Lenovo IP3 i3-10110U 2.1-4.1GHz, 4GB, 500GB, 15.6""FHD RUS, HDMI, BLACK https://www.link.kg/catalog/1/41503201",*  27812.4 ⊆   *,308 $
"Ноутбук Acer Aspire Intel Core i3-1005G1 (1.20-3.40GHz), 4GB DDR4, 1TB HDD, Int VGA, 15.6""FHD LED, no DVDRW, WiFi, Bluetooth, DOS, Blue [NX.KAFEM.004]пятна на крышке(*id 12) https://www.link.kg/catalog/1/41493287",*  27812.4 ⊆   *,308 $
"Ноутбук Lenovo Ideapad 3-15IML05 Intel Core i3-10110U (up to 4.1Ghz), 15.6"" FHD (1920х1080), 4GB, 1TB, Integrated Intel® UHD Graphic, WiFi, BT 5.0, Cam, PLATINUM GRAY [81WB00YWUE](*id 12) https://www.link.kg/catalog/1/41493152",*  27902.7 ⊆   *,309 $
"Lenovo Ideapad 3 Silver Intel Dual Core N4020 (up to 2.8Ghz), 4GB, 512GB M.2 NVMe PCIe, Intel HD Graphics, 15.6"" LED, WiFi, BT, Cam, DOS, Eng-Rus https://www.link.kg/catalog/1/41374246",*  28444.5 ⊆   *,315 $
"Моноблок Share 24, 1200LGA, 2xSODIMM DDR4 2666Hz, 1xMPCIE (128-1TB M.2), 23.8"" FHD, WiFi, Bluetooth, VGA, HDMI, 4xUSB, LAN, Audio(*id 12) https://www.link.kg/catalog/1/41492914",*  27902.7 ⊆   *,309 $
"HP 250 G8 Black Intel Dual Core N4020 (up to 2.8Ghz), 8GB, 128GB SSD, Intel HD Graphics, 15.6"" LED HD, WiFi, BT, Cam, DOS, Eng-Rus https://www.link.kg/catalog/1/41374365",*  28444.5 ⊆   *,315 $
"Lenovo Ideapad S145-15API Silver AMD 3020e (up to 2.6Ghz), 8GB, 1TB, AMD Radeon™ Graphics, 15.6"" LED, WiFi, BT, Cam, DOS, Eng-Rus https://www.link.kg/catalog/1/41374224",*  28444.5 ⊆   *,315 $
"Lenovo IP3 i3-10110U 2.1-4.1GHz, 4GB,SSD 120GB, 15.6""FHD RUS, HDMI, BLACK https://www.link.kg/catalog/1/41503202",*  27993 ⊆   *,310 $
"Lenovo V15 i3-10110U 2.1-4.1 GHz,8GB,SSD 240GB,15.6""HD,RUS,DOS HDMI, IRON GRAY https://www.link.kg/catalog/1/41503169",*  28083.3 ⊆   *,311 $
"HP 250 G8 Black Intel Dual Core N4020 (up to 2.8Ghz), 8GB, 1TB, Intel HD Graphics, 15.6"" LED HD, WiFi, BT, Cam, DOS, Eng-Rus https://www.link.kg/catalog/1/41374374",*  28625.1 ⊆   *,317 $
"Lenovo V15 i3-10110U 2.1-4.1 GHz,4GB,SSD 480GB,15.6""HD,RUS,DOS HDMI, IRON GRAY https://www.link.kg/catalog/1/41503173",*  28173.6 ⊆   *,312 $
"Acer Aspire 3 A315-56 i3-1005G1 1.2-3.4GHz,4GB, 1TB, 15.6""FHD LED ,RUS,BLACK (12мес) https://www.link.kg/catalog/1/41503258",*  28173.6 ⊆   *,312 $
"Lenovo IP3 i3-10110U 2.1-4.1GHz, 8GB, SSD 240GB, 15.6""FHD RUS, HDMI, ABYSS BLUE https://www.link.kg/catalog/1/41503197",*  28354.2 ⊆   *,314 $
"Acer Aspire A315-34 Black Intel N4020 (up to 2.8Ghz), 8GB, 128GB M.2 NVMe PCIe, Intel HD Graphics, 15.6"" LED FULL HD (1920x1080), WiFi, LAN RJ45, BT, Cam, DOS, Eng-Rus https://www.link.kg/catalog/1/41375139",*  28896 ⊆   *,320 $
"Lenovo IP3 i3-10110U 2.1-4.1GHz, 4GB,SSD 240GB, 15.6""FHD RUS, HDMI, BLACK https://www.link.kg/catalog/1/41503203",*  28444.5 ⊆   *,315 $
"HP 240 G8 Black Intel Pentium Quad Core N5030 (up to 3.1Ghz), 4GB, 256GB SSD, Intel HD Graphics, 14"" LED HD, WiFi, BT, Cam, DOS, Eng-Rus https://www.link.kg/catalog/1/41374340",*  28986.3 ⊆   *,321 $
"Ноутбук Lenovo Ideapad 3-15IML05 Intel Core i3-10110U (up to 4.1Ghz), 15.6"" FHD (1920х1080), 8GB, 256GB SSD, Integrated Intel® UHD Graphic, WiFi, BT 5.0, Cam, PLATINUM GRAY [81WB00YWUE](*id 12) https://www.link.kg/catalog/1/41493147",*  28534.8 ⊆   *,316 $
"Ноутбук ASUS-X515J, i3-1005G1, DDR4 4GB, 1TB, NO DVDRW, 15.6"", WIN-10Eng, Rus+Eng https://www.link.kg/catalog/1/41483609",*  30521.4 ⊆   *,338 $
"S2982G-24TE Управляемый коммутатор уровня 2, 24 порта 10, 100, 1000Base-T и 4 порта 100, 1000BASE-X (SFP) шт https://www.link.kg/catalog/1/41472433",*  28625.1 ⊆   *,317 $
"Lenovo IdeaPad 3 15IGL05 (81WQ00JBRK) Intel Pentium N5030 (Quard 4 ядра, 4 потока up to 3.1Ghz), 15.6"" LED FULL HD (1920 x 1080) IPS, 8GB, 1TB + 256GB SSD SSD PCIe NVMe M.2, Intel HD Graphics 605, Wi-Fi, BT5.0, Cam, DOS, Eng-Rus, PLATINUM GREY https://www.link.kg/catalog/1/41488278",*  30069.9 ⊆   *,333 $
"Acer Aspire A315-34 Black Intel N4020 (up to 2.8Ghz), 8GB, 256GB M.2 NVMe PCIe, Intel HD Graphics, 15.6"" LED FULL HD (1920x1080), WiFi, LAN RJ45, BT, Cam, DOS, Eng-Rus https://www.link.kg/catalog/1/41375137",*  29347.5 ⊆   *,325 $
"HP 250 G8 Black Intel Dual Core N4020 (up to 2.8Ghz), 4GB, 500GB + 256GB SSD, Intel HD Graphics, 15.6"" LED HD, WiFi, BT, Cam, DOS, Eng-Rus https://www.link.kg/catalog/1/41374357",*  29347.5 ⊆   *,325 $
"Ноутбук Acer Aspire Intel Core i3-1005G1 (1.20-3.40GHz), 4GB DDR4, 1TB HDD, Int VGA, 15.6""FHD LED, no DVDRW, WiFi, Bluetooth, DOS, Blue [NX.KAFEM.004](*id 12) https://www.link.kg/catalog/1/41493289",*  28896 ⊆   *,320 $
"Ноутбук Lenovo Ideapad 3-15IML05 Intel Core i3-10110U (up to 4.1Ghz), 15.6"" FHD (1920х1080),12GB, 256GB SSD, Integrated Intel® UHD Graphic, WiFi, BT 5.0, Cam, PLATINUM GRAY [81WB00YWUE](*id 12) https://www.link.kg/catalog/1/41493131",*  28986.3 ⊆   *,321 $
"Acer Aspire A315-35 Silver Intel N4500 (up to 2.8Ghz), 4GB, 128GB SSD, Intel HD Graphics, 15.6"" LED FULL HD (1920x1080), WiFi, LAN RJ45, BT, Cam, DOS, Eng-Rus https://www.link.kg/catalog/1/41375134",*  29799 ⊆   *,330 $
"Lenovo Ideapad S145-15API Silver AMD 3020e (up to 2.6Ghz), 8GB, 256GB M.2 NVMe PCIe, AMD Radeon™ Graphics, 15.6"" LED, WiFi, BT, Cam, DOS, Eng-Rus https://www.link.kg/catalog/1/41374236",*  29799 ⊆   *,330 $
"HP 240 G8 Black Intel Pentium Quad Core N5030 (up to 3.1Ghz), 8GB, 128GB SSD, Intel HD Graphics, 14"" LED HD, WiFi, BT, Cam, DOS, Eng-Rus https://www.link.kg/catalog/1/41374341",*  29889.3 ⊆   *,331 $
"Acer Aspire A315-35 Silver Intel N4500 (up to 2.8Ghz), 4GB, 500GB, Intel HD Graphics, 15.6"" LED FULL HD (1920x1080), WiFi, LAN RJ45, BT, Cam, DOS, Eng-Rus https://www.link.kg/catalog/1/41375128",*  29979.6 ⊆   *,332 $
"Ноутбук Lenovo Ideapad 3-15IML05 Intel Core i3-10110U (up to 4.1Ghz), 15.6"" FHD (1920х1080), 8GB, 500GB SSD, Integrated Intel® UHD Graphic, WiFi, BT 5.0, Cam, PLATINUM GRAY [81WB00YWUE](*id 12) https://www.link.kg/catalog/1/41493130",*  29437.8 ⊆   *,326 $
"HP 240 G8 Black Intel Pentium Quad Core N5030 (up to 3.1Ghz), 4GB, 1TB + 128GB SSD, Intel HD Graphics, 14"" LED HD, WiFi, BT, Cam, DOS, Eng-Rus https://www.link.kg/catalog/1/41374334",*  30069.9 ⊆   *,333 $
"Lenovo Ideapad S145-15API Silver AMD 3020e (up to 2.6Ghz), 4GB, 1TB + 512GB SSD M.2 NVMe PCIe, AMD Radeon™ Graphics, 15.6"" LED, WiFi, BT, Cam, DOS, Eng-Rus https://www.link.kg/catalog/1/41374227",*  30069.9 ⊆   *,333 $
"Lenovo V15 i3-10110U 2.1-4.1GHz,4GB,SSD 480GB,15.6""FHD,RUS,DOS HDMI, IRON GRAY https://www.link.kg/catalog/1/41503168",*  29618.4 ⊆   *,328 $
"Ноутбук Acer Aspire Black Intel Core i3-1005G1 (up to 3.4Ghz), 8GB, 256GB M.2 NVMe PCIe, Intel HD Graphics 620, 15.6"" LED FULL HD(1920x1080),WiFi,BT,Cam,LAN RJ45,DOS, Eng-Rus(*id 12) https://www.link.kg/catalog/1/41493292",*  29708.7 ⊆   *,329 $
"Acer Aspire 3 A315 i3-1005G1 1.2-3.4GHz,12GB, SSD 256GB, 15.6""FHD,LAN,BLACK (12мес) https://www.link.kg/catalog/1/41503261",*  29799 ⊆   *,330 $
"Lenovo IP3 i3-10110U 2.1-4.1GHz, 8GB, SSD 480GB, 15.6""FHD RUS, HDMI, ABYSS BLUE https://www.link.kg/catalog/1/41503198",*  29799 ⊆   *,330 $
"Ноутбук Acer Aspire A3 Intel Core i3-1005G1 (1.20-3.40GHz), 8GB DDR4, 256GB SSD m.2 NVMe, Int VGA, 15.6""FHD LED, no DVDRW, WiFi, Bluetooth, LAN, DOS, голубой [NX.KAFEM.004](*id 12) https://www.link.kg/catalog/1/41493300",*  29889.3 ⊆   *,331 $
"HP 250 G8 Black Intel Dual Core N4020 (up to 2.8Ghz), 8GB, 1TB + 128GB SSD, Intel HD Graphics, 15.6"" LED HD, WiFi, BT, Cam, DOS, Eng-Rus https://www.link.kg/catalog/1/41374355",*  30431.1 ⊆   *,337 $
"Ноутбук Acer Aspire A3 Intel Core i3-1005G1 (1.20-3.40GHz), 4GB DDR4, 1TB HDD + 256GB SSD PCIe NVMe M.2, Int VGA, 15.6""FHD LED, no DVDRW, WiFi, Bluetooth, DOS, Black [NX.KAGEM.004](*id 12) https://www.link.kg/catalog/1/41493302",*  30069.9 ⊆   *,333 $
"Ноутбук Lenovo Ideapad 3-15IML05 Intel Core i3-10110U (up to 4.1Ghz), 15.6"" FHD (1920х1080), 8GB, 1TB +256GB SSD NVMe, Integrated Intel® UHD Graphic, WiFi, BT 5.0, Cam, PLATINUM GRAY [81WB00YWUE](*id 12) https://www.link.kg/catalog/1/41493155",*  30069.9 ⊆   *,333 $
"Ноутбук HP 15s-eq1129ur 22V36EA#ACB AMD Athlon 3020e (1.20GHz-2.60GHz), 4GB DDR4, 256GB SSD, AMD Radeon Graphics 3, 15.6""FHD (1920x1080) IPS, WiFi ac, BT 4.2, HD WC, CR, DOS, Русская клавиатура, Grey https://www.link.kg/catalog/1/41499821",*  30702 ⊆   *,340 $
"Ноутбук Asus VivoBook 14 (X413JA-211.VBWB) 14"" FHD (1920x1080) WVA(IPS), i3-1005G1 (1.2GHz-3.4GHz), 4GB DDR4, 128GB SSD PCIe NVMe, UHD Graphics G1, USB-C, WiFiac, BT, HDWC, (Eng+Rus), Win10 Home, Dreamy White(*id 12) https://www.link.kg/catalog/1/41493277",*  30160.2 ⊆   *,334 $
"ASUS VivoBook X515FA-EJ186W 15.6"" FHD i3-10110U 2.1-4.1GHz,4GB,SSD 240GB,RUS,SLATE GRAY https://www.link.kg/catalog/1/41503160",*  30250.5 ⊆   *,335 $
"HP 240 G8 Black Intel Pentium Quad Core N5030 (up to 3.1Ghz), 4GB, 500GB + 256GB SSD, Intel HD Graphics, 14"" LED HD, WiFi, BT, Cam, DOS, Eng-Rus https://www.link.kg/catalog/1/41374328",*  30792.3 ⊆   *,341 $
"Ноутбук Lenovo Ideapad 3-15IML05 Intel Core i3-10110U (up to 4.1Ghz), 15.6"" FHD (1920х1080),20GB, 256GB SSD, Integrated Intel® UHD Graphic, WiFi, BT 5.0, Cam, PLATINUM GRAY [81WB00YWUE](*id 12) https://www.link.kg/catalog/1/41493123",*  30250.5 ⊆   *,335 $
"HP 240 G8 Black Intel Pentium Quad Core N5030 (up to 3.1Ghz), 4GB, 1TB + 256GB SSD, Intel HD Graphics, 14"" LED HD, WiFi, BT, Cam, DOS, Eng-Rus https://www.link.kg/catalog/1/41374325",*  30972.9 ⊆   *,343 $
"Ноутбук Lenovo Ideapad 3 14ITL05 Intel Core i3-1115G4 (3.00-4.10Ghz), 4GB, 128GB SSD, 14” (1920X1080), UHD Graphics, WiFi, BT, Win11 Homes, Platinum Grey [81X700FGUS](*id 12) https://www.link.kg/catalog/1/41493170",*  30431.1 ⊆   *,337 $
"Ноутбук Lenovo V15 G2 ITL Intel Core i3-1115G4 (up to 4.1Ghz), 4GB, 1TB HDD, Intel UHD Graphics, 15.6"" FULL HD, WiFi, BT, LAN RJ45, DOS, черный [82KB0021AK](*id 12) https://www.link.kg/catalog/1/41493356",*  30521.4 ⊆   *,338 $
"Ноутбук ASUS-X543M, Intel N4020, DDR4 4GB, SSD-480GB, 15.6"", DVDRW, 1B-Star Grey, Rus+Eng https://www.link.kg/catalog/1/41483610",*  32508 ⊆   *,360 $
"новая позиция3Acer Aspire 3 A315-56 i3-1005G1 1.2-3.4GHz,8GB,SSD 512GB, 15.6""FHD LED ,RUS,BLACK (12мес) https://www.link.kg/catalog/1/41503254",*  30611.7 ⊆   *,339 $
"HP 250 G8 Black Intel Dual Core N4020 (up to 2.8Ghz), 8GB, 500GB + 256GB SSD, Intel HD Graphics, 15.6"" LED HD, WiFi, BT, Cam, DOS, Eng-Rus https://www.link.kg/catalog/1/41374349",*  31153.5 ⊆   *,345 $
"Lenovo IdeaPad 3 15IGL05 (81WQ00JBRK) Intel Pentium N5030 (Quard 4 ядра, 4 потока up to 3.1Ghz), 15.6"" LED FULL HD (1920 x 1080) IPS, 8GB, 1TB SSD, Intel HD Graphics 605, Wi-Fi, BT5.0, Cam, DOS, Eng-Rus, PLATINUM GREY https://www.link.kg/catalog/1/41488276",*  32056.5 ⊆   *,355 $
"HP 250 G8 Black Intel Dual Core N4020 (up to 2.8Ghz), 12GB, 256GB SSD, Intel HD Graphics, 15.6"" LED HD, WiFi, BT, Cam, DOS, Eng-Rus https://www.link.kg/catalog/1/41374368",*  31153.5 ⊆   *,345 $
"ASUS VivoBook X515FA-EJ185W 15.6"" FHD i3-10110U 2.1-4.1GHz,4GB,SSD 240GB,RUS,SILVER https://www.link.kg/catalog/1/41503163",*  30702 ⊆   *,340 $
"Lenovo Ideapad S145-15API Silver AMD 3020e (up to 2.6Ghz), 8GB, 512GB SSD, AMD Radeon™ Graphics, 15.6"" LED, WiFi, BT, Cam, DOS, Eng-Rus https://www.link.kg/catalog/1/41374238",*  31243.8 ⊆   *,346 $
"AsusPRO P1440FA-BV3736 Intel Core i3-10110U (up to 4.1Ghz), 14"" HD (1366х768), 8GB, 128GB SSD, Intel HD Graphics 620, WiFi 6, BT 5.0, Cam, LAN, RJ45, VGA, HDMI, замок Kensington, Fingerprint Scaner (Сканер отпечатка пальцев), Eng-Rus, BLACK + сумка A https://www.link.kg/catalog/1/41488532",*  32146.8 ⊆   *,356 $
"Asus ExpertBooK P1412CEA Intel Core i3-1115G4 (up to 4.1Ghz), 14"" LED FULL HD (1920 x 1080), 4GB DDR4-3200Mhz, 120GB SSD, Intel UHD Graphics, WiFi 5, BT 4, USB Type-C, замок Kensington, Cam, Eng-Rus, SLATE GREY https://www.link.kg/catalog/1/41488508",*  32237.1 ⊆   *,357 $
"Ноутбук Lenovo Ideapad 3-15IML05 Intel Core i3-10110U (up to 4.1Ghz), 15.6"" FHD (1920х1080), 8GB, 1TB +500GB SSD NVMe, Integrated Intel® UHD Graphic, WiFi, BT 5.0, Cam, PLATINUM GRAY [81WB00YWUE](*id 12) https://www.link.kg/catalog/1/41493156",*  30792.3 ⊆   *,341 $
"Acer Aspire 3 A315-56 i3-1005G1 1.2-3.4GHz,8GB, 1TB + SSD 256GB, 15.6""FHD LED ,RUS,BLACK (12мес) https://www.link.kg/catalog/1/41503256",*  30882.6 ⊆   *,342 $
"Ноутбук Lenovo IdeaPad 3 14IIL05 Intel Core i3-1005G1 (1.20-3.40GHz), 4GB DDR4, 256GB SSD m.2 NVMe, Intel UHD Graphics, 14 ""FHD (1920x1080) IPS, WiFi ac, BT 5.0, CR, WC, Win 11 ENG Home in S mode, Eng-Ru, Platinum Grey [81WD010UUS](*id 12) https://www.link.kg/catalog/1/41493183",*  30882.6 ⊆   *,342 $
"Ноутбук Acer Aspire Black Intel Core i3-1005G1 (up to 3.4Ghz), 8GB, 500GB M.2 NVMe PCIe, Intel HD Graphics 620, 15.6"" FULL HD (1920x1080), WiFi, BT, Cam, LAN, DOS, Eng-Rus(*id 12) https://www.link.kg/catalog/1/41493291",*  31063.2 ⊆   *,344 $
"Lenovo Ideapad L3-15ITL6 Platinum Grey Intel Pentium Gold 7505 (1.8Ghz), 4GB, 128GB SSD, Intel UHD Graphics Xe G4 48EUs, 15.6"" IPS FULL HD (1920x1080), WiFi, BT, Cam, LAN RJ45, DOS, Eng-Rus https://www.link.kg/catalog/1/41374199",*  31605 ⊆   *,350 $
"HP 240 G8 Black Intel Pentium Quad Core N5030 (up to 3.1Ghz), 8GB, 500GB + 128GB SSD, Intel HD Graphics, 14"" LED HD, WiFi, BT, Cam, DOS, Eng-Rus https://www.link.kg/catalog/1/41374335",*  31695.3 ⊆   *,351 $
"AsusPRO P1440FA-BV3736 Intel Core i3-10110U (up to 4.1Ghz), 14"" HD (1366х768), 8GB, 256GB SSD PCIe NVMe M.2, Intel HD Graphics 620, WiFi 6, BT 5.0, Cam, LAN, RJ45, VGA, HDMI, замок Kensington, Fingerprint Scaner (Сканер отпечатка пальцев), Eng-Rus, B https://www.link.kg/catalog/1/41488529",*  32598.3 ⊆   *,361 $
"Ноутбук Lenovo Ideapad 3-15IML05 Intel Core i3-10110U (up to 4.1Ghz), 15.6"" FHD (1920х1080), 12GB, 1TB +500GB SSD NVMe, Integrated Intel® UHD Graphic, WiFi, BT 5.0, Cam, PLATINUM GRAY [81WB00YWUE](*id 12) https://www.link.kg/catalog/1/41493164",*  31243.8 ⊆   *,346 $
"Ноутбук Lenovo Ideapad 3-15IML05 Intel Core i3-10110U (up to 4.1Ghz), 15.6"" FHD (1920х1080), 8GB, 1TB SSD, Integrated Intel® UHD Graphic, WiFi, BT 5.0, Cam, PLATINUM GRAY [81WB00YWUE](*id 12) https://www.link.kg/catalog/1/41493149",*  31243.8 ⊆   *,346 $
"ASUS VivoBook X515FA-EJ186W 15.6"" FHD i3-10110U 2.1-4.1GHz,8GB,SSD 240GB,RUS,SLATE GRAY https://www.link.kg/catalog/1/41503155",*  31334.1 ⊆   *,347 $
"HP 240 G8 Black Intel Pentium Quad Core N5030 (up to 3.1Ghz), 8GB, 1TB + 128GB SSD, Intel HD Graphics, 14"" LED HD, WiFi, BT, Cam, DOS, Eng-Rus https://www.link.kg/catalog/1/41374336",*  31875.9 ⊆   *,353 $
"Ноутбук Lenovo V15 G2 ITL Intel Core i3-1115G4 (up to 4.1Ghz), 8GB, 256GB SSD, Intel UHD Graphics, 15.6"" FULL HD TN, WiFi, BT, LAN RJ45, DOS, Eng+Rus, черный [82KB0021AK](*id 12) https://www.link.kg/catalog/1/41493350",*  31334.1 ⊆   *,347 $
"Acer Aspire A315-35 Silver Intel N4500 (up to 2.8Ghz), 8GB, 256GB M.2 NVMe PCIe, Intel HD Graphics, 15.6"" LED FULL HD (1920x1080), WiFi, LAN RJ45, BT, Cam, DOS, Eng-Rus https://www.link.kg/catalog/1/41375130",*  32056.5 ⊆   *,355 $
"Lenovo Ideapad L3-15ITL6 Platinum Grey Intel Pentium Gold 7505 (1.8Ghz), 4GB, 1TB, Intel UHD Graphics Xe G4 48EUs, 15.6"" IPS FULL HD (1920x1080), WiFi, BT, Cam, LAN RJ45, DOS, Eng-Rus https://www.link.kg/catalog/1/41374198",*  32056.5 ⊆   *,355 $
"Ноутбук Acer Aspire Black Intel Core i3-1005G1 (up to 3.4Ghz), 12GB, 500GB M.2 NVMe PCIe, Intel HD Graphics 620, 15.6"" LED FULL HD (1920x1080), WiFi, BT, Cam, LAN RJ45, DOS, Eng-Rus(*id 12) https://www.link.kg/catalog/1/41493296",*  31605 ⊆   *,350 $
"Ноутбук Asus VivoBook M415DA-R3128 AMD Ryzen 3 3250U (2.6GHz-3.5GHz), 8GB DDR4, 128GB SSD PCIe NVMe, AMD Radeon Vega 3 Graphics, 14"" HD LED, WiFi, BT, Cam, (Eng+Rus), Win11 Home, серый[M415DA-R3128](*id 12) https://www.link.kg/catalog/1/41493400",*  31695.3 ⊆   *,351 $
"HP 250 G8 Black Intel Dual Core N4020 (up to 2.8Ghz), 12GB, 1TB + 128GB SSD, Intel HD Graphics, 15.6"" LED HD, WiFi, BT, Cam, DOS, Eng-Rus https://www.link.kg/catalog/1/41374356",*  32237.1 ⊆   *,357 $
"Ноутбук Lenovo V15 G2 ITL Intel Core i3-1115G4 (up to 4.1Ghz), 12GB, 256GB SSD, Intel UHD Graphics, 15.6"" FULL HD TN, WiFi, BT, LAN RJ45, DOS, Eng+Rus, черный [82KB0021AK](*id 12) https://www.link.kg/catalog/1/41493368",*  31785.6 ⊆   *,352 $
"Ноутбук Lenovo Ideapad 3-15IML05 Intel Core i3-10110U (up to 4.1Ghz), 15.6"" FHD (1920х1080), 12GB, 1TB SSD, Integrated Intel® UHD Graphic, WiFi, BT 5.0, Cam, PLATINUM GRAY [81WB00YWUE](*id 12) https://www.link.kg/catalog/1/41493163",*  31785.6 ⊆   *,352 $
"AsusPRO P1440FA-BV3736 Intel Core i3-10110U (up to 4.1Ghz), 14"" HD (1366х768), 12GB, 128GB SSD, Intel HD Graphics 620, WiFi 6, BT 5.0, Cam, LAN, RJ45, VGA, HDMI, замок Kensington, Fingerprint Scaner (Сканер отпечатка пальцев), Eng-Rus, BLACK + сумка https://www.link.kg/catalog/1/41488535",*  33320.7 ⊆   *,369 $
"Asus ExpertBooK P1412CEA Intel Core i3-1115G4 (up to 4.1Ghz), 14"" LED FULL HD (1920 x 1080), 8GB DDR4-3200Mhz, 1TB, Intel UHD Graphics, WiFi 5, BT 4, USB Type-C, замок Kensington, Cam, Eng-Rus, SLATE GREY https://www.link.kg/catalog/1/41488512",*  33411 ⊆   *,370 $
"Ноутбук Lenovo IdeaPad 3 14IIL05 Intel Core i3-1005G1 (1.20-3.40GHz), 8GB DDR4, 256GB SSD m.2 NVMe, Intel UHD Graphics, 14 ""FHD (1920x1080) IPS, WiFi ac, BT 5.0, CR, WC, Win 11 ENG Home in S mode, Eng-Ru, Platinum Grey [81WD010UUS](*id 12) https://www.link.kg/catalog/1/41493179",*  31966.2 ⊆   *,354 $
"Lenovo Ideapad L3-15ITL6 Platinum Grey Intel Pentium Gold 7505 (1.8Ghz), 4GB, 256GB M.2 NVMe PCIe, Intel UHD Graphics Xe G4 48EUs, 15.6"" IPS FULL HD (1920x1080), WiFi, BT, Cam, LAN RJ45, DOS, Eng-Rus https://www.link.kg/catalog/1/41374200",*  32508 ⊆   *,360 $
"HP 240 G8 Black Intel Pentium Quad Core N5030 (up to 3.1Ghz), 12GB, 256GB SSD, Intel HD Graphics, 14"" LED HD, WiFi, BT, Cam, DOS, Eng-Rus https://www.link.kg/catalog/1/41374329",*  32598.3 ⊆   *,361 $
"Ноутбук Asus VivoBook 14 (X413JA-211.VBWB) 14"" FHD WVA(IPS), i3-1005G1 (1.2GHz-3.4GHz), 4GB DDR4, 128GB SSD NVMe+ 256GB SSD m.2 NVMe, UHD Graphics G1, USB-C, WiFiac, BT, HDWC, (Eng+Rus), Win10 Home, Dreamy White(*id 12) https://www.link.kg/catalog/1/41493275",*  32056.5 ⊆   *,355 $
"Lenovo IP3 i3-10110U 2.1-4.1GHz,4GB, 1TB, 15.6""FHD RUS, HDMI, PLATINUM GRAY https://www.link.kg/catalog/1/41503206",*  32146.8 ⊆   *,356 $
"Lenovo IdeaPad L3 A41TUN ATHLON 300U 2.4-3.3GHz,4GB,500GB, 15.6""FHD RUS BLACK ( СЦ) https://www.link.kg/catalog/1/41503232",*  32146.8 ⊆   *,356 $
"Ноутбук ASUS-X515J, i3-1005G1, DDR4 8GB, SSD-240GB, NO DVDRW, 15.6"", Rus+Eng https://www.link.kg/catalog/1/41483602",*  34133.4 ⊆   *,378 $
"Ноутбук Acer Aspire A3 Intel Core i3-1005G1 (1.20-3.40GHz), 20GB DDR4, 1TB HDD, Int VGA, 15.6""FHD LED, no DVDRW, WiFi, Bluetooth, LAN, DOS, голубой [NX.KAFEM.004](*id 12) https://www.link.kg/catalog/1/41493304",*  32237.1 ⊆   *,357 $
"Ноутбук Asus VivoBook M415DA-R3128 AMD Ryzen 3 3250U (2.6GHz-3.5GHz), 8GB DDR4, 256GB SSD PCIe NVMe, AMD Radeon Vega 3 Graphics, 14"" HD LED, WiFi, BT, Cam, (Eng+Rus), Win11 Home, серый[M415DA-R3128](*id 12) https://www.link.kg/catalog/1/41493399",*  32237.1 ⊆   *,357 $
"Ноутбук Lenovo Ideapad 3 14ITL05 Intel Core i3-1115G4 (3.00-4.10Ghz), 8GB, 128GB SSD NVMe, 14” FULL HDLED UHD Graphics, WiFi, BT, WinEn11 Homes, серебристый, Eng-Rus 81X700FGUS(*id 12) https://www.link.kg/catalog/1/41493169",*  32327.4 ⊆   *,358 $
"Lenovo Ideapad S145-15AST Black A6-9225 (up to 3.00Ghz), 4GB DDR4, 1TB, AMD Radeon R7 M445 2GB, 15.6"" LED HD, WiFi, BT, Cam, DOS, Eng-Rus https://www.link.kg/catalog/1/41374231",*  33411 ⊆   *,370 $
"Lenovo IdeaPad L3 A41TUN ATHLON 300U 2.4-3.3GHz,4GB,1TB, 15.6""FHD RUS BLACK ( СЦ) https://www.link.kg/catalog/1/41503224",*  32778.9 ⊆   *,363 $
"HP 250 G8 Black Intel Dual Core N4020 (up to 2.8Ghz), 12GB, 512GB SSD, Intel HD Graphics, 15.6"" LED HD, WiFi, BT, Cam, DOS, Eng-Rus https://www.link.kg/catalog/1/41374361",*  33411 ⊆   *,370 $
"Lenovo Ideapad S145-15AST Black A6-9225 (up to 3.00Ghz), 4GB DDR4, 128GB M.2 NVMe PCIe, AMD Radeon R7 M445 2GB, 15.6"" LED HD, WiFi, BT, Cam, DOS, Eng-Rus https://www.link.kg/catalog/1/41374211",*  33411 ⊆   *,370 $
"AsusPRO P1440FA-BV3736 Intel Core i3-10110U (up to 4.1Ghz), 14"" HD (1366х768), 8GB, 512GB SSD PCIe NVMe M.2, Intel HD Graphics 620, WiFi 6, BT 5.0, Cam, LAN, RJ45, VGA, HDMI, замок Kensington, Fingerprint Scaner (Сканер отпечатка пальцев), Eng-Rus, B https://www.link.kg/catalog/1/41488528",*  34855.8 ⊆   *,386 $
"Lenovo Ideapad L3-15ITL6 Platinum Grey Intel Pentium Gold 7505 (1.8Ghz), 8GB, 1TB, Intel UHD Graphics Xe G4 48EUs, 15.6"" IPS FULL HD (1920x1080), WiFi, BT, Cam, LAN RJ45, DOS, Eng-Rus https://www.link.kg/catalog/1/41374192",*  33501.3 ⊆   *,371 $
"Ноутбук Acer Aspire A3 Intel Core i3-1005G1 (1.20-3.40GHz), 12GB DDR4, 256GB SSD m.2 NVMe+1TB HDD, Int VGA, 15.6""FHD LED, no DVDRW, WiFi, Bluetooth, LAN, DOS, голубой [NX.KAFEM.004](*id 12) https://www.link.kg/catalog/1/41493305",*  32959.5 ⊆   *,365 $
"HP 250 G8 Black Intel Dual Core N4020 (up to 2.8Ghz), 12GB, 1TB + 256GB SSD, Intel HD Graphics, 15.6"" LED HD, WiFi, BT, Cam, DOS, Eng-Rus https://www.link.kg/catalog/1/41374351",*  33591.6 ⊆   *,372 $
"Ноутбук ASUS-X515J, i3-1005G1, DDR4 8GB, SSD-256GB, NO DVDRW, 15.6"", Rus+Eng https://www.link.kg/catalog/1/41483603",*  35487.9 ⊆   *,393 $
"Ноутбук Lenovo V15 G2 ITL Intel Core i3-1115G4 (up to 4.1Ghz), 12GB, 500GB SSD, Intel UHD Graphics, 15.6"" FULL HD TN, WiFi, BT, LAN RJ45, DOS, Eng+Rus, черный [82KB0021AK](*id 12) https://www.link.kg/catalog/1/41493367",*  33049.8 ⊆   *,366 $
"Ноутбук Lenovo IdeaPad 3 14IIL05 Intel Core i3-1005G1 (1.20-3.40GHz), 12GB DDR4, 256GB SSD m.2 NVMe, Intel UHD Graphics, 14 ""FHD (1920x1080) IPS, WiFi ac, BT 5.0, CR, WC, Win 11 ENG Home in S mode, Eng-Ru, Platinum Grey [81WD010UUS](*id 12) https://www.link.kg/catalog/1/41493186",*  33049.8 ⊆   *,366 $
"AsusPRO P1440FA-BV3736 Intel Core i3-10110U (up to 4.1Ghz), 14"" HD (1366х768), 16GB, 1TB, Intel HD Graphics 620, WiFi 6, BT 5.0, Cam, LAN, RJ45, VGA, HDMI, замок Kensington, Fingerprint Scaner (Сканер отпечатка пальцев), Eng-Rus, BLACK + сумка Asus в https://www.link.kg/catalog/1/41488533",*  35126.7 ⊆   *,389 $
"Ноутбук Lenovo V15 G2 ITL Intel Core i3-1115G4 (up to 4.1Ghz), 8GB, 1TB HDD+256GB SSD m.2 NVMe, Intel UHD Graphics, 15.6"" FULL HD TN, WiFi, BT, LAN RJ45, DOS, Eng+Rus, черный [82KB0021AK](*id 12) https://www.link.kg/catalog/1/41493354",*  33140.1 ⊆   *,367 $
"новая позиция5Acer Aspire 3 A315-59 i3-1215U 1.2-4.4GHz,4GB,SSD 256GB,15.6""FHD IPS RUS MOONSTONE PURPLE (12 СЦ) https://www.link.kg/catalog/1/41503253",*  33230.4 ⊆   *,368 $
"HP 250 G7 Dark Ash Intel Pentium Quad Core N5030 (up to 3.1Ghz), 4GB DDR4, 128GB M.2 NVMe PCIe, Intel® UHD Graphics 605, 15.6"" LED FULL HD (1920x1080), WiFi, BT, Cam, DOS, Eng-Rus https://www.link.kg/catalog/1/41374320",*  33862.5 ⊆   *,375 $
"новая позиция4Acer Aspire 3 A315-59 i3-1215U 1.2-4.4GHz, 4GB,SSD 256GB,15.6""FHD IPS RUS SILVER (12 СЦ) https://www.link.kg/catalog/1/41503252",*  33230.4 ⊆   *,368 $
"Asus ExpertBooK P1412CEA Intel Core i3-1115G4 (up to 4.1Ghz), 14"" LED FULL HD (1920 x 1080), 12GB DDR4-3200Mhz, 1TB, Intel UHD Graphics, WiFi 5, BT 4, USB Type-C, замок Kensington, Cam, Eng-Rus, SLATE GREY https://www.link.kg/catalog/1/41488513",*  35217 ⊆   *,390 $
"Asus ExpertBooK P1412CEA Intel Core i3-1115G4 (up to 4.1Ghz), 14"" LED FULL HD (1920 x 1080), 12GB DDR4-3200Mhz, 120GB SSD, Intel UHD Graphics, WiFi 5, BT 4, USB Type-C, замок Kensington, Cam, Eng-Rus, SLATE GREY https://www.link.kg/catalog/1/41488502",*  35217 ⊆   *,390 $
"новая позиция1Ноутбук Asus X515EA Intel Core i3-1115G4 (up to 4.1Ghz), 15.6"" FULL HD, 4GB, 256GB SDD m.2 NVMe, Intel Iris Graphics Xe G7, WiFi 6, BT 5.2, Cam, DOS, серебро[90NB0TY2-M03PT0](*id 12) https://www.link.kg/catalog/1/41493238",*  33230.4 ⊆   *,368 $
"Lenovo Ideapad L3-15ITL6 Platinum Grey Intel Pentium Gold 7505 (1.8Ghz), 4GB, 500GB + 256GB M.2 NVMe PCIe, Intel UHD Graphics Xe G4 48EUs, 15.6"" IPS FULL HD (1920x1080), WiFi, BT, Cam, LAN RJ45, DOS, Eng-Rus https://www.link.kg/catalog/1/41374189",*  33862.5 ⊆   *,375 $
"Lenovo V15 GEN2 ITL Black Intel Core i3-1115G4 (up to 4.1Ghz), 4GB, 128GB SSD, Intel UHD Graphics Xe G4 48EUs, 15.6"" LED FULL HD (1920x1080), WiFi, BT, Cam, DOS, Eng-Rus + BAG (сумка в комплекте) https://www.link.kg/catalog/1/41374066",*  33862.5 ⊆   *,375 $
"Ноутбук Lenovo V15 G2 ITL Intel Core i3-1115G4 (up to 4.1Ghz), 20GB, 256GB SSD, Intel UHD Graphics, 15.6"" FULL HD TN, WiFi, BT, LAN RJ45, DOS, Eng+Rus, черный [82KB0021AK](*id 12) https://www.link.kg/catalog/1/41493358",*  33320.7 ⊆   *,369 $
"Lenovo Ideapad L3-15ITL6 Platinum Grey Intel Pentium Gold 7505 (1.8Ghz), 8GB, 256GB M.2 NVMe PCIe, Intel UHD Graphics Xe G4 48EUs, 15.6"" IPS FULL HD (1920x1080), WiFi, BT, Cam, LAN RJ45, DOS, Eng-Rus https://www.link.kg/catalog/1/41374203",*  33952.8 ⊆   *,376 $
"Lenovo Ideapad L3-15ITL6 Platinum Grey Intel Pentium Gold 7505 (1.8Ghz), 4GB, 1TB + 128GB M.2 NVMe PCIe, Intel UHD Graphics Xe G4 48EUs, 15.6"" IPS FULL HD (1920x1080), WiFi, BT, Cam, LAN RJ45, DOS, Eng-Rus https://www.link.kg/catalog/1/41374184",*  33952.8 ⊆   *,376 $
"новая позиция4Asus ExpertBooK P1412CEA Intel Core i3-1115G4 (up to 4.1Ghz), 14"" LED FULL HD (1920 x 1080), 4GB DDR4-3200Mhz, 512GB SSD, Intel UHD Graphics, WiFi 5, BT 4, USB Type-C, замок Kensington, Cam, Eng-Rus, SLATE GREY https://www.link.kg/catalog/1/41488500",*  35397.6 ⊆   *,392 $
"ASUS VivoBook F415E-AS31 Intel Core i3-1115G4 (up to 4.1GHz), 14"" LED FULL HD IPS (1920 x 1080), 4GB, 1TB, Intel UHD Graphics, WiFi 5, BT 4.1, Fingerprint Scaner (Сканер отпечатка пальцев), USB-C, Backlight Chiclet Eng Keyboard, Eng-Rus, SLATE GREY https://www.link.kg/catalog/1/41488474",*  35397.6 ⊆   *,392 $
"Ноутбук Lenovo Ideapad 3 14ITL05 Intel Core i3-1115G4 (3.00-4.10Ghz), 8GB, 256GB SSD NVMe, 14” FULL HDLED UHD Graphics, WiFi, BT, WinEn11 Homes, серебристый, Eng-Rus 81X700FGUS(*id 12) https://www.link.kg/catalog/1/41493167",*  33501.3 ⊆   *,371 $
"Ноутбук Lenovo V15 G2 Intel Core i3-1115G4 (up to 4.1Ghz), 8GB, 256GB SSD m.2 NVMe, Intel HD Graphics 620, 15.6"" FULL HD, WiFi, BT, Cam, USB Type-C, LAN RJ45, DOS, Eng-Rus, черный, Bag [82KB00Y8AK](*id 12) https://www.link.kg/catalog/1/41493860",*  33501.3 ⊆   *,371 $
"AsusPRO P1440FA-BV3736 Intel Core i3-10110U (up to 4.1Ghz), 14"" HD (1366х768), 8GB, 1TB + 256GB SSD PCIe NVMe M.2, Intel HD Graphics 620, WiFi 6, BT 5.0, Cam, LAN, RJ45, VGA, HDMI, замок Kensington, Fingerprint Scaner (Сканер отпечатка пальцев), Eng- https://www.link.kg/catalog/1/41488520",*  35487.9 ⊆   *,393 $
"Lenovo V15 GEN2 ITL Black Intel Core i3-1115G4 (up to 4.1Ghz), 4GB, 256GB M.2 NVMe PCIe, Intel UHD Graphics Xe G4 48EUs, 15.6"" LED FULL HD (1920x1080), WiFi, BT, Cam, DOS, Eng-Rus + BAG (сумка в комплекте) https://www.link.kg/catalog/1/41374062",*  34133.4 ⊆   *,378 $
"Ноутбук Asus VivoBook 14 (X413JA-211.VBWB) 14"" FHD WVA(IPS), i3-1005G1 (1.2GHz-3.4GHz), 4GB DDR4, 128GB SSD NVMe+ 500GB SSD m.2 NVMe, UHD Graphics G1, USB-C, WiFiac, BT, HDWC, (Eng+Rus), Win10 Home, Dreamy White(*id 12) https://www.link.kg/catalog/1/41493274",*  33591.6 ⊆   *,372 $
"ASUS VivoBook X515FA-EJ186W 15.6"" FHD i3-10110U 2.1-4.1GHz,8GB,1TB+SSD 256GB, WIN11,RUS,SLATE GRAY https://www.link.kg/catalog/1/41503156",*  33681.9 ⊆   *,373 $
"HP 250 G7 Dark Ash Intel Pentium Quad Core N5030 (up to 3.1Ghz), 4GB DDR4, 256GB M.2 NVMe PCIe, Intel® UHD Graphics 605, 15.6"" LED FULL HD (1920x1080), WiFi, BT, Cam, DOS, Eng-Rus https://www.link.kg/catalog/1/41374313",*  34314 ⊆   *,380 $
"HP 240 G8 Black Intel Pentium Quad Core N5030 (up to 3.1Ghz), 16GB, 256GB SSD, Intel HD Graphics, 14"" LED HD, WiFi, BT, Cam, DOS, Eng-Rus https://www.link.kg/catalog/1/41374331",*  34404.3 ⊆   *,381 $
"Ноутбук Acer Aspire Black i3-1005G1 (up to 3.4Ghz), 8GB, 1000GB M.2 NVMe PCIe, Intel HD Graphics 620, 15.6"" LED FULL HD (1920x1080), WiFi, BT, Cam, LAN RJ45, DOS, Eng-Rus(*id 12) https://www.link.kg/catalog/1/41493298",*  33862.5 ⊆   *,375 $
"AsusPRO P1440FA-BV3736 Intel Core i3-10110U (up to 4.1Ghz), 14"" HD (1366х768), 16GB, 256GB SSD PCIe NVMe M.2, Intel HD Graphics 620, WiFi 6, BT 5.0, Cam, LAN, RJ45, VGA, HDMI, замок Kensington, Fingerprint Scaner (Сканер отпечатка пальцев), Eng-Rus, https://www.link.kg/catalog/1/41488526",*  35849.1 ⊆   *,397 $
"Ноутбук ASUS X509FA-BR952T Intel Core i3-10110U (4M Cache, up to 4,10 GHz) ,12GB DDR4, 256GB SSD ,Intel UHD Graphics 620,15.6"" HD , Webcam,Wi-Fi ,Bluetooth ,Win10H, Silver [90NB0MZ1-M17820](*id 12) https://www.link.kg/catalog/1/41493252",*  33862.5 ⊆   *,375 $
"Ноутбук ASUS-X515J, i3-1005G1, DDR4 8GB, SSD-480GB, NO DVDRW, 15.6"", Rus+Eng https://www.link.kg/catalog/1/41483604",*  36390.9 ⊆   *,403 $
"Ноутбук Lenovo V15 G2 ITL Intel Core i3-1115G4 (up to 4.1Ghz), 8GB, 1TB HDD+500GB SSD m.2 NVMe, Intel UHD Graphics, 15.6"" FULL HD TN, WiFi, BT, LAN RJ45, DOS, Eng+Rus, черный [82KB0021AK](*id 12) https://www.link.kg/catalog/1/41493352",*  33952.8 ⊆   *,376 $
"Lenovo IdeaPad L340-15API ATHLON 300U 2.4-3.3GHz,4GB,SSD 120GB, 15.6""HD RUS BLACK ( СЦ) https://www.link.kg/catalog/1/41503181",*  34043.1 ⊆   *,377 $
"AsusPRO P1440FA-BV3736 Intel Core i3-10110U (up to 4.1Ghz), 14"" HD (1366х768), 12GB, 512GB SSD PCIe NVMe M.2, Intel HD Graphics 620, WiFi 6, BT 5.0, Cam, LAN, RJ45, VGA, HDMI, замок Kensington, Fingerprint Scaner (Сканер отпечатка пальцев), Eng-Rus, https://www.link.kg/catalog/1/41488436",*  36029.7 ⊆   *,399 $
"Acer Aspire 3 A315-58-37M9 Intel Core i3-1115G4 (up to 4.1GHz), 15.6"" LED FULL HD (1920 x 1080), 4GB, 512GB SSD PCIe? NVMe M.2, Intel UHD Graphics, WiFi, BT 5.0, Cam, LAN, RJ45, Eng-Rus, ELECTRIC BLUE https://www.link.kg/catalog/1/41488646",*  36120 ⊆   *,400 $
"новая позиция4Asus ExpertBooK P1412CEA Intel Core i3-1115G4 (up to 4.1Ghz), 14"" LED FULL HD (1920 x 1080), 12GB DDR4-3200Mhz, 256GB SSD, Intel UHD Graphics, WiFi 5, BT 4, USB Type-C, замок Kensington, Cam, Eng-Rus, SLATE GREY https://www.link.kg/catalog/1/41488506",*  36120 ⊆   *,400 $
"Ноутбук DELL Vostro 3400 14"" HD i3-1115G4 1.7-4.1GHz, 16GB, 256GB SSD m.2 NVMe, Webcam, Wi-Fi, Bluetooth, Eng-Rus, LAN, RJ-45, серый(*id 12) https://www.link.kg/catalog/1/41493236",*  34133.4 ⊆   *,378 $
"Ноутбук Lenovo IdeaPad 1 14IAU7, Intel Core i3-1215U (up to 4.4Ghz), 8GB, 128GB SSD M.2 NVMe, Intel UHD Graphics, без привода, 14.0"" HD LED, WiFi, BT, Cam, Win11H S, серебро [82QC003VUS](*id 12) https://www.link.kg/catalog/1/41493190",*  34133.4 ⊆   *,378 $
"HP 250 G7 Dark Ash Intel Pentium Quad Core N5030 (up to 3.1Ghz), 8GB DDR4, 128GB M.2 NVMe PCIe, Intel® UHD Graphics 605, 15.6"" LED FULL HD (1920x1080), WiFi, BT, Cam, DOS, Eng-Rus https://www.link.kg/catalog/1/41374312",*  34765.5 ⊆   *,385 $
"Lenovo Ideapad 3-15ADA05 Black Ryzen 3 3250U (up to 3.5Ghz), 4GB, 500GB, AMD Radeon RX Vega 3, 15.6"" LED, WiFi, BT, Cam, DOS, Eng-Rus https://www.link.kg/catalog/1/41374138",*  34765.5 ⊆   *,385 $
"Lenovo V15 GEN2 ITL Black Intel Core i3-1115G4 (up to 4.1Ghz), 8GB, 256GB M.2 NVMe PCIe, Intel UHD Graphics Xe G4 48EUs, 15.6"" LED FULL HD (1920x1080), WiFi, BT, Cam, DOS, Eng-Rus + BAG (сумка в комплекте) https://www.link.kg/catalog/1/41374060",*  34765.5 ⊆   *,385 $
"AsusPRO P1440FA-BV3736 Intel Core i3-10110U (up to 4.1Ghz), 14"" HD (1366х768), 12GB, 1TB + 128GB SSD PCIe NVMe M.2, Intel HD Graphics 620, WiFi 6, BT 5.0, Cam, LAN, RJ45, VGA, HDMI, замок Kensington, Fingerprint Scaner (Сканер отпечатка пальцев), Eng https://www.link.kg/catalog/1/41488524",*  36210.3 ⊆   *,401 $
"Lenovo Ideapad L3-15ITL6 Platinum Grey Intel Pentium Gold 7505 (1.8Ghz), 8GB, 500GB + 256GB M.2 NVMe PCIe, Intel UHD Graphics Xe G4 48EUs, 15.6"" IPS FULL HD (1920x1080), WiFi, BT, Cam, LAN RJ45, DOS, Eng-Rus https://www.link.kg/catalog/1/41374183",*  34855.8 ⊆   *,386 $
"Ноутбук Acer Aspire A3 Intel Core i3-1005G1 (1.20-3.40GHz), 20GB DDR4, 256GB SSD m.2 NVMe+1TB HDD, Int VGA, 15.6""FHD LED, no DVDRW, WiFi, Bluetooth, LAN, DOS, голубой [NX.KAFEM.004](*id 12) https://www.link.kg/catalog/1/41493303",*  34314 ⊆   *,380 $
"новая позиция3Acer Aspire 3 A315-59 i3-1215U 1.2-4.4GHz,8GB,SSD 256GB,15.6""FHD IPS RUS MOONSTONE PURPLE (12 СЦ) https://www.link.kg/catalog/1/41503250",*  34314 ⊆   *,380 $
"Ноутбук ASUS X509FA-BR952T Intel Core i3-10110U (4M Cache, up to 4,10 GHz) ,8GB DDR4, 500GB SSD ,Intel UHD Graphics 620,15.6"" HD , Webcam,Wi-Fi ,Bluetooth ,Win10H, Silver [90NB0MZ1-M17820](*id 12) https://www.link.kg/catalog/1/41493239",*  34314 ⊆   *,380 $
"ASUS X540UB Gold Intel Core i3-7020U (up to 3.1Ghz), 4GB, 128GB SSD, Nvidia Geforce MX110 2GB, 15.6"" LED FULL HD (1920x1080), WiFi, BT, Cam, DOS, Eng-Rus https://www.link.kg/catalog/1/41374523",*  34946.1 ⊆   *,387 $
"ASUS X540UB Silver Intel Core i3-7020U (up to 3.1Ghz), 4GB, 128GB SSD, Nvidia Geforce MX110 2GB, 15.6"" LED FULL HD (1920x1080), WiFi, BT, Cam, DOS, Eng-Rus https://www.link.kg/catalog/1/41374511",*  34946.1 ⊆   *,387 $
"Lenovo Ideapad 3-15IML05 Platinum Grey Intel Pentium 6405U (2.4Ghz), 4GB, 500GB, Nvidia GeForce MX130 2GB, 15.6"" LED HD, WiFi, BT, Cam, DOS, Eng-Rus https://www.link.kg/catalog/1/41374176",*  34946.1 ⊆   *,387 $
"Lenovo Ideapad L3-15ITL6 Platinum Grey Intel Pentium Gold 7505 (1.8Ghz), 8GB, 1TB + 128GB M.2 NVMe PCIe, Intel UHD Graphics Xe G4 48EUs, 15.6"" IPS FULL HD (1920x1080), WiFi, BT, Cam, LAN RJ45, DOS, Eng-Rus https://www.link.kg/catalog/1/41374186",*  34946.1 ⊆   *,387 $
"Ноутбук ASUS-X515J, i3-1005G1, DDR4 8GB, SSD-512GB, NO DVDRW, 15.6"", Rus+Eng https://www.link.kg/catalog/1/41483605",*  36842.4 ⊆   *,408 $
"Acer EX215-52-38SC i3-1005G1 1.2-3.4GHz,4GB, SSD 120GB, 15.6""FHD,LAN,BLACK (12 СЦ) https://www.link.kg/catalog/1/41503274",*  34404.3 ⊆   *,381 $
"Asus ExpertBooK P1412CEA Intel Core i3-1115G4 (up to 4.1Ghz), 14"" LED FULL HD (1920 x 1080), 8GB DDR4-3200Mhz, 1TB + 128GB SSD PCIe NVMe, Intel UHD Graphics, WiFi 5, BT 4, USB Type-C, замок Kensington, Cam, Eng-Rus, SLATE GREY https://www.link.kg/catalog/1/41488491",*  36390.9 ⊆   *,403 $
"Ноутбук Lenovo V15 G2 ITL Intel Core i3-1115G4 (up to 4.1Ghz), 8GB, 1TB SSD, Intel UHD Graphics, 15.6"" FULL HD TN, WiFi, BT, LAN RJ45, DOS, Eng+Rus, черный [82KB0021AK](*id 12) https://www.link.kg/catalog/1/41493351",*  34404.3 ⊆   *,381 $
"ASUS X515MA Grey Intel Quad Core N4120 (up to 2.6Ghz), 4GB, 500GB, Intel UHD Graphics 600, 15.6"" LED HD, WiFi, BT, Cam, Win10, Eng-Rus https://www.link.kg/catalog/1/41374546",*  35036.4 ⊆   *,388 $
"Ноутбук Lenovo IdeaPad 1 14IAU7, Intel Core i3-1215U (up to 4.4Ghz), 12GB, 128GB SSD M.2 NVMe, Intel UHD Graphics, без привода, 14.0"" HD LED, WiFi, BT, Cam, Win11H S, серебро [82QC003VUS](*id 12) https://www.link.kg/catalog/1/41493196",*  34494.6 ⊆   *,382 $
"Acer Aspire A315-35 Silver Intel N4500 (up to 2.8Ghz), 8GB, 500GB + 256GB M.2 NVMe PCIe, Intel HD Graphics, 15.6"" LED FULL HD (1920x1080), WiFi, LAN RJ45, BT, Cam, DOS, Eng-Rus https://www.link.kg/catalog/1/41375124",*  35217 ⊆   *,390 $
"Lenovo Ideapad S145-15AST Black A6-9225 (up to 3.00Ghz), 8GB DDR4, 1TB, AMD Radeon R7 M445 2GB, 15.6"" LED HD, WiFi, BT, Cam, DOS, Eng-Rus https://www.link.kg/catalog/1/41374232",*  35217 ⊆   *,390 $
"новая позиция4Asus ExpertBooK P1412CEA Intel Core i3-1115G4 (up to 4.1Ghz), 14"" LED FULL HD (1920 x 1080), 8GB DDR4-3200Mhz, 512GB SSD, Intel UHD Graphics, WiFi 5, BT 4, USB Type-C, замок Kensington, Cam, Eng-Rus, SLATE GREY https://www.link.kg/catalog/1/41488501",*  36571.5 ⊆   *,405 $
"ASUS VivoBook F415E-AS31 Intel Core i3-1115G4 (up to 4.1GHz), 14"" LED FULL HD IPS (1920 x 1080), 8GB, 1TB, Intel UHD Graphics, WiFi 5, BT 4.1, Fingerprint Scaner (Сканер отпечатка пальцев), USB-C, Backlight Chiclet Eng Keyboard, Eng-Rus, SLATE GREY https://www.link.kg/catalog/1/41488489",*  36571.5 ⊆   *,405 $
"HP 250 G7 Dark Ash Intel Pentium Quad Core N5030 (up to 3.1Ghz), 8GB DDR4, 256GB M.2 NVMe PCIe, Intel® UHD Graphics 605, 15.6"" LED FULL HD (1920x1080), WiFi, BT, Cam, DOS, Eng-Rus https://www.link.kg/catalog/1/41374314",*  35217 ⊆   *,390 $
"Lenovo Ideapad S145-15AST Black A6-9225 (up to 3.00Ghz), 8GB DDR4, 128GB M.2 NVMe PCIe, AMD Radeon R7 M445 2GB, 15.6"" LED HD, WiFi, BT, Cam, DOS, Eng-Rus https://www.link.kg/catalog/1/41374212",*  35217 ⊆   *,390 $
"HP 240 G8 Black Intel Pentium Quad Core N5030 (up to 3.1Ghz), 8GB, 1TB + 512GB SSD, Intel HD Graphics, 14"" LED HD, WiFi, BT, Cam, DOS, Eng-Rus https://www.link.kg/catalog/1/41374322",*  35307.3 ⊆   *,391 $
"AsusPRO P1440FA-BV3736 Intel Core i3-10110U (up to 4.1Ghz), 14"" HD (1366х768), 12GB, 1TB + 256GB SSD PCIe NVMe M.2, Intel HD Graphics 620, WiFi 6, BT 5.0, Cam, LAN, RJ45, VGA, HDMI, замок Kensington, Fingerprint Scaner (Сканер отпечатка пальцев), Eng https://www.link.kg/catalog/1/41488521",*  36661.8 ⊆   *,406 $
"Ноутбук DELL Vostro 3400 14"" HD i3-1115G4 1.7-4.1GHz, 8GB, 512GB SSD m.2 NVMe, Webcam, Wi-Fi, Bluetooth, Eng-Rus, LAN, RJ-45, серый(*id 12) https://www.link.kg/catalog/1/41493233",*  34675.2 ⊆   *,384 $
"ASUS X540UB Silver Intel Core i3-7020U (up to 3.1Ghz), 4GB, 1TB, Nvidia Geforce MX110 2GB, 15.6"" LED FULL HD (1920x1080), WiFi, BT, Cam, DOS, Eng-Rus https://www.link.kg/catalog/1/41374509",*  35307.3 ⊆   *,391 $
"Ноутбук Asus VivoBook 14 Intel Core i3-1115G4 (up to 4.1Ghz), 14.0""LED FULL HD WV(IPS)(1920 x 1080),4GB,128GB SSD m.2 NVMe,Intel Iris Graph Xe G7, WiFi 6,BT5.2,Cam,Win11S,Eng-Rus,сереб.[F415EA-AS31](*id 12) https://www.link.kg/catalog/1/41493266",*  34765.5 ⊆   *,385 $
"Ноутбук Lenovo IdeaPad 1 14IAU7, Intel Core i3-1215U (up to 4.4Ghz), 8GB, 256GB SSD M.2 NVMe, Intel UHD Graphics, без привода, 14.0"" HD LED, WiFi, BT, Cam, Win11H S, серебро [82QC003VUS](*id 12) https://www.link.kg/catalog/1/41493189",*  34765.5 ⊆   *,385 $
"Lenovo Ideapad L3-15ITL6 Platinum Grey Intel Pentium Gold 7505 (1.8Ghz), 12GB, 1TB + 128GB M.2 NVMe PCIe, Intel UHD Graphics Xe G4 48EUs, 15.6"" IPS FULL HD (1920x1080), WiFi, BT, Cam, LAN RJ45, DOS, Eng-Rus https://www.link.kg/catalog/1/41374181",*  35397.6 ⊆   *,392 $
"Ноутбук Lenovo V15 G2 Intel Core i3-1115G4 (up to 4.1Ghz), 12GB, 500GB SSD m.2 NVMe, Intel HD Graphics 620, 15.6"" FULL HD, WiFi, BT, Cam, USB Type-C, LAN RJ45, DOS, Eng-Rus, черный, сумка в комплекте [82KB00Y8AK](*id 12) https://www.link.kg/catalog/1/41493118",*  34765.5 ⊆   *,385 $
"Ноутбук Lenovo V15 G2 ITL Intel Core i3-1115G4 (up to 4.1Ghz), 20GB, 1TB HDD+256GB SSD m.2 NVMe, Intel UHD Graphics, 15.6"" FULL HD TN, WiFi, BT, LAN RJ45, DOS, Eng+Rus, черный [82KB0021AK](*id 12) https://www.link.kg/catalog/1/41493363",*  34855.8 ⊆   *,386 $
"Acer Aspire 3 A315-58-37M9 Intel Core i3-1115G4 (up to 4.1GHz), 15.6"" LED FULL HD (1920 x 1080), 12GB, 256GB SSD PCIe? NVMe M.2, Intel UHD Graphics, WiFi, BT 5.0, Cam, LAN, RJ45, Eng-Rus, ELECTRIC BLUE https://www.link.kg/catalog/1/41488645",*  36842.4 ⊆   *,408 $
"AsusPRO P1440FA-BV3736 Intel Core i3-10110U (up to 4.1Ghz), 14"" HD (1366х768), 8GB, 1TB + 512GB SSD PCIe NVMe M.2, Intel HD Graphics 620, WiFi 6, BT 5.0, Cam, LAN, RJ45, VGA, HDMI, замок Kensington, Fingerprint Scaner (Сканер отпечатка пальцев), Eng- https://www.link.kg/catalog/1/41488517",*  36842.4 ⊆   *,408 $
"Asus ExpertBooK P1412CEA Intel Core i3-1115G4 (up to 4.1Ghz), 14"" LED FULL HD (1920 x 1080), 20GB DDR4-3200Mhz, 120GB SSD, Intel UHD Graphics, WiFi 5, BT 4, USB Type-C, замок Kensington, Cam, Eng-Rus, SLATE GREY https://www.link.kg/catalog/1/41488503",*  36842.4 ⊆   *,408 $
"Ноутбук Lenovo Ideapad 3 14ITL05 Intel Core i3-1115G4 (3.00-4.10Ghz), 8GB, 500GB SSD NVMe, 14” FULL HDLED UHD Graphics, WiFi, BT, WinEn11 Homes, серебристый, Eng-Rus 81X700FGUS(*id 12) https://www.link.kg/catalog/1/41493166",*  34855.8 ⊆   *,386 $
"Lenovo V15 GEN2 ITL Black Intel Core i3-1115G4 (up to 4.1Ghz), 8GB, 128GB SSD, Intel UHD Graphics Xe G4 48EUs, 15.6"" LED FULL HD (1920x1080), WiFi, BT, Cam, DOS, Eng-Rus + BAG (сумка в комплекте) https://www.link.kg/catalog/1/41374063",*  35487.9 ⊆   *,393 $
"Lenovo Ideapad L3-15ITL6 Platinum Grey Intel Pentium Gold 7505 (1.8Ghz), 12GB, 1TB + 256GB M.2 NVMe PCIe, Intel UHD Graphics Xe G4 48EUs, 15.6"" IPS FULL HD (1920x1080), WiFi, BT, Cam, LAN RJ45, DOS, Eng-Rus https://www.link.kg/catalog/1/41374180",*  35578.2 ⊆   *,394 $
"Acer Aspire A315-56 Black Intel Core i3-1005G1 (up to 3.4Ghz), 4GB, 128GB M.2 NVMe PCIe, Intel HD Graphics 620, 15.6"" LED HD, WiFi, BT, Cam, LAN RJ45, DOS, Eng-Rus https://www.link.kg/catalog/1/41375074",*  35668.5 ⊆   *,395 $
"Ноутбук Asus VivoBook X515EA-BQ1189 Intel i3-1115G4 (3.00-4.10Ghz), 8GB, 256GB SSD m.2 NVMe, Intel UHD Graphics, 15.6"" FHD WVA IPS, WiFi, Bluetooth, DOS, серый [90NB0TY1-M31020](*id 12) https://www.link.kg/catalog/1/41493255",*  35036.4 ⊆   *,388 $
"ASUS X540UB Silver Intel Core i3-7020U (up to 3.1Ghz), 4GB, 1TB, Intel HD Graphics 620, 15.6"" LED FULL HD (1920x1080), DVDRW, WiFi, BT, Cam, DOS, Eng-Rus https://www.link.kg/catalog/1/41374544",*  35668.5 ⊆   *,395 $
"HP 250 G7 Dark Ash Intel Pentium Quad Core N5030 (up to 3.1Ghz), 4GB DDR4, 512GB M.2 NVMe PCIe, Intel® UHD Graphics 605, 15.6"" LED FULL HD (1920x1080), WiFi, BT, Cam, DOS, Eng-Rus https://www.link.kg/catalog/1/41374315",*  35668.5 ⊆   *,395 $
"Lenovo Ideapad 3-15ADA05 Black Ryzen 3 3250U (up to 3.5Ghz), 4GB, 256GB M.2 NVMe PCIe, AMD Radeon RX Vega 3, 15.6"" LED, WiFi, BT, Cam, DOS, Eng-Rus https://www.link.kg/catalog/1/41374132",*  35668.5 ⊆   *,395 $
"Acer EX215-52-38SC i3-1005G1 1.2-3.4GHz,4GB, SSD 256GB, 15.6""FHD,LAN,BLACK (12 СЦ) https://www.link.kg/catalog/1/41503271",*  35126.7 ⊆   *,389 $
"Acer Aspire 3 A315-58-37M9 Intel Core i3-1115G4 (up to 4.1GHz), 15.6"" LED FULL HD (1920 x 1080), 8GB, 512GB SSD PCIe? NVMe M.2, Intel UHD Graphics, WiFi, BT 5.0, Cam, LAN, RJ45, Eng-Rus, ELECTRIC BLUE https://www.link.kg/catalog/1/41488632",*  37113.3 ⊆   *,411 $
"Ноутбук ASUS X509FA-BR952T Intel Core i3-10110U (4M Cache, up to 4,10 GHz) ,20GB DDR4, 256GB SSD ,Intel UHD Graphics 620,15.6"" HD , Webcam,Wi-Fi ,Bluetooth ,Win10H, Silver [90NB0MZ1-M17820](*id 12) https://www.link.kg/catalog/1/41493246",*  35126.7 ⊆   *,389 $
"Lenovo Ideapad 3-15ADA05 Black Ryzen 3 3250U (up to 3.5Ghz), 8GB, 500GB, AMD Radeon RX Vega 3, 15.6"" LED, WiFi, BT, Cam, DOS, Eng-Rus https://www.link.kg/catalog/1/41374135",*  35758.8 ⊆   *,396 $
"Acer Aspire A315-56 Black Intel Core i3-1005G1 (up to 3.4Ghz), 4GB, 1TB, Intel HD Graphics 620, 15.6"" LED HD, WiFi, BT, Cam, LAN RJ45, DOS, Eng-Rus https://www.link.kg/catalog/1/41375064",*  35849.1 ⊆   *,397 $
"Acer Aspire 3 A315-58-37M9 Intel Core i3-1115G4 (up to 4.1GHz), 15.6"" LED FULL HD (1920 x 1080), 8GB, 1TB + 128GB SSD PCIe? NVMe M.2, Intel UHD Graphics, WiFi, BT 5.0, Cam, LAN, RJ45, Eng-Rus, ELECTRIC BLUE https://www.link.kg/catalog/1/41488640",*  37203.6 ⊆   *,412 $
"ASUS X540UB Silver Intel Core i3-7020U (up to 3.1Ghz), 4GB, 256GB SSD, Nvidia Geforce MX110 2GB, 15.6"" LED FULL HD (1920x1080), WiFi, BT, Cam, DOS, Eng-Rus https://www.link.kg/catalog/1/41374512",*  35849.1 ⊆   *,397 $
"Acer Aspire A315-23-R3PE AMD Ryzen 5 3500U (4 ядра, 8 потоков up to 3.7Ghz), 15.6"" LED FULL HD (1920 x 1080), 4GB, 1TB HDD, AMD Radeon RX Vega 8 Graphics, WiFi, BT, Cam, LAN, RJ45, DOS, Eng-Rus, BLACK https://www.link.kg/catalog/1/41488622",*  37293.9 ⊆   *,413 $
"Ноутбук Acer Extensa EX215-54 Black Intel Core i3-1115G4 (up to 4.1Ghz), 4GB, 256GB M.2 NVMe PCIe, Intel UHD Graphics, 15.6"" IPS FULL HD (1920x1080), WiFi, BT, Cam, LAN RJ45, DOS [NX.EGJEM.025](*id 12) https://www.link.kg/catalog/1/41493281",*  35307.3 ⊆   *,391 $
"Ноутбук Lenovo IdeaPad 3 14IIL05 Intel Core i3-1005G1 (1.20-3.40GHz), 12GB DDR4, 500GB SSD m.2 NVMe, Intel UHD Graphics, 14 ""FHD (1920x1080) IPS, WiFi ac, BT 5.0, CR, WC, Win 11 ENG Home in S mode, Eng-Ru, Platinum Grey [81WD010UUS](*id 12) https://www.link.kg/catalog/1/41493185",*  35307.3 ⊆   *,391 $
"ASUS X515MA Grey Intel Quad Core N4120 (up to 2.6Ghz), 4GB, 500GB, Intel UHD Graphics 600, 15.6"" LED FULL HD (1920x1080), WiFi, BT, Cam, Win10, Eng-Rus https://www.link.kg/catalog/1/41374538",*  35939.4 ⊆   *,398 $
"Lenovo Ideapad 3-15IML05 Platinum Grey Intel Pentium 6405U (2.4Ghz), 8GB, 128GB SSD, Nvidia GeForce MX130 2GB, 15.6"" LED HD, WiFi, BT, Cam, DOS, Eng-Rus https://www.link.kg/catalog/1/41374171",*  35939.4 ⊆   *,398 $
"Lenovo Ideapad 3-15ADA05 Black Ryzen 3 3250U (up to 3.5Ghz), 8GB, 1TB, AMD Radeon RX Vega 3, 15.6"" LED, WiFi, BT, Cam, DOS, Eng-Rus https://www.link.kg/catalog/1/41374130",*  35939.4 ⊆   *,398 $
"Lenovo V15 GEN2 ITL Black Intel Core i3-1115G4 (up to 4.1Ghz), 12GB, 256GB SSD, Intel UHD Graphics Xe G4 48EUs, 15.6"" LED FULL HD (1920x1080), WiFi, BT, Cam, DOS, Eng-Rus + BAG (сумка в комплекте) https://www.link.kg/catalog/1/41374056",*  36029.7 ⊆   *,399 $
"новая позиция4Asus ExpertBooK P1412CEA Intel Core i3-1115G4 (up to 4.1Ghz), 14"" LED FULL HD (1920 x 1080), 12GB DDR4-3200Mhz, 512GB SSD, Intel UHD Graphics, WiFi 5, BT 4, USB Type-C, замок Kensington, Cam, Eng-Rus, SLATE GREY https://www.link.kg/catalog/1/41488499",*  37474.5 ⊆   *,415 $
"Ноутбук Acer Extensa EX215-54 Black Intel Core i3-1115G4 (up to 4.1Ghz), 8GB, 256GB M.2 NVMe PCIe, Intel UHD Graphics, 15.6"" IPS FULL HD (1920x1080), WiFi, BT, Cam, LAN RJ45, DOS [NX.EGJEM.025](*id 12) https://www.link.kg/catalog/1/41493279",*  35487.9 ⊆   *,393 $
"Ноутбук Lenovo Ideapad 3 14ITL05 Intel Core i3-1115G4 (3.00-4.10Ghz), 12GB, 500GB SSD NVMe, 14” FULL HDLED UHD Graphics, WiFi, BT, WinEn11 Homes, серебристый, Eng-Rus 81X700FGUS(*id 12) https://www.link.kg/catalog/1/41493174",*  35487.9 ⊆   *,393 $
"ASUS VivoBook F415E-AS31 Intel Core i3-1115G4 (up to 4.1GHz), 14"" LED FULL HD IPS (1920 x 1080), 8GB, 256GB SSD, Intel UHD Graphics, WiFi 5, BT 4.1, Fingerprint Scaner (Сканер отпечатка пальцев), USB-C, Backlight Chiclet Eng Keyboard, Eng-Rus, SLATE https://www.link.kg/catalog/1/41488481",*  37474.5 ⊆   *,415 $
"ASUS VivoBook F415E-AS31 Intel Core i3-1115G4 (up to 4.1GHz), 14"" LED FULL HD IPS (1920 x 1080), 4GB, 1TB + 128GB SSD PCIe NVMe, Intel UHD Graphics, WiFi 5, BT 4.1, Fingerprint Scaner (Сканер отпечатка пальцев), USB-C, Backlight Chiclet Eng Keyboard, https://www.link.kg/catalog/1/41488463",*  37474.5 ⊆   *,415 $
"Lenovo Ideapad S145-15AST Black A6-9225 (up to 3.00Ghz), 4GB DDR4, 512GB M.2 NVMe PCIe, AMD Radeon R7 M445 2GB, 15.6"" LED HD, WiFi, BT, Cam, DOS, Eng-Rus https://www.link.kg/catalog/1/41374219",*  36120 ⊆   *,400 $
"Lenovo Ideapad L3-15ITL6 Platinum Grey Intel Pentium Gold 7505 (1.8Ghz), 8GB, 1TB + 512GB M.2 NVMe PCIe, Intel UHD Graphics Xe G4 48EUs, 15.6"" IPS FULL HD (1920x1080), WiFi, BT, Cam, LAN RJ45, DOS, Eng-Rus https://www.link.kg/catalog/1/41374188",*  36120 ⊆   *,400 $
"Lenovo Ideapad S145 Black Ryzen 3 3200U (up to 3.5Ghz), 4GB, 500GB, AMD Radeon RX Vega 3, 15.6"" LED, WiFi, BT, Cam, DOS, Eng-Rus https://www.link.kg/catalog/1/41374148",*  36120 ⊆   *,400 $
"Lenovo Ideapad 3 15ITL6 Arctic Grey Intel Core i3-1115G4 (up to 4.1Ghz), 4GB, 128GB SSD, Intel UHD Graphics Xe G4 48EUs, 15.6"" IPS FULL HD (1920x1080), WiFi, BT, Cam, DOS, Eng-Rus https://www.link.kg/catalog/1/41374022",*  36120 ⊆   *,400 $
"AsusPRO P1440FA-BV3736 Intel Core i3-10110U (up to 4.1Ghz), 14"" HD (1366х768), 16GB, 1TB + 256GB SSD PCIe NVMe M.2, Intel HD Graphics 620, WiFi 6, BT 5.0, Cam, LAN, RJ45, VGA, HDMI, замок Kensington, Fingerprint Scaner (Сканер отпечатка пальцев), Eng https://www.link.kg/catalog/1/41488515",*  37564.8 ⊆   *,416 $
"Ноутбук Dell Vostro 3510 Intel Core i3-1115G4 (3.00-4.10GHz),8GB DDR4, 256GB SSD m.2 NVMe, Intel Iris Xe Graphics G4, 15.6"" HD, WiFi ac, BT 5.0, RJ-45, HD WC, CR, DOS, серый, Eng-Rus(*id 12) https://www.link.kg/catalog/1/41493217",*  35578.2 ⊆   *,394 $
"Ноутбук Lenovo Ideapad 3 14ITL05 Intel Core i3-1115G4 (3.00-4.10Ghz), 20GB, 256GB SSD NVMe, 14” FULL HDLED UHD Graphics, WiFi, BT, WinEn11 Homes, серебристый, Eng-Rus 81X700FGUS(*id 12) https://www.link.kg/catalog/1/41493172",*  35578.2 ⊆   *,394 $
"Ноутбук Lenovo V15 G2 ITL Intel Core i3-1115G4 (up to 4.1Ghz), 20GB, 1TB HDD+500GB SSD m.2 NVMe, Intel UHD Graphics, 15.6"" FULL HD TN, WiFi, BT, LAN RJ45, DOS, Eng+Rus, черный [82KB0021AK](*id 12) https://www.link.kg/catalog/1/41493362",*  35668.5 ⊆   *,395 $
